Instruction,Input,Category,Response
,生物,,
,細胞,,
,生命現象,,
,生長,,
,發育,,
,生殖,,
,感應,,
,代謝,,
,同化代謝,,
,異化代謝,,
,刺激,,
,反應,,
,有性生殖,,
,無性生殖,,
,尼姆魯德透鏡,,
,顯微鏡,,
,雷文霍克,,
,電子顯微鏡,,
,掃描式電子顯微鏡,,
,穿透式電子顯微鏡,,
,羅伯特虎克,,
,楊森,,
,解剖顯微鏡,,
,紅血球,,
,噬菌體,,
,抗體,,
,粒線體,,
,核醣體,,
,複眼,,
,藍綠菌,,
,食泡,,
,內質網,,
,微物圖誌,,
,Cell,,
,羅伯特布朗,,
,細胞學說,,
,許萊登,,
,許旺,,
,魏修,,
,原核細胞,,
,真核細胞,,
,真細菌域,,
,古細菌域,,
,真核生物域,,
,細胞壁,,
,細胞膜,,
,磷脂質,,
,脂雙層,,
,親水端,,
,親油端,,
,核醣體,,
,細胞質,,
,核醣體,,
,蛋白質,,
,遺傳物質,,
,細胞核,,
,染色體,,
,染色質,,
,質體,,
,莢膜,,
,抗藥性,,
,細胞核,,
,核仁,,
,核質,,
,DNA,,
,組蛋白,,
,內質網,,
,粗糙內質網,,
,平滑內質網,,
,高基氏體,,
,腺體,,
,溶小體,,
,細胞自噬,,
,水解酵素,,
,計畫性凋亡,,
,液泡,,
,膨壓,,
,伸縮泡,,
,食泡,,
,吞噬體,,
,粒線體,,
,雙層膜胞器,,
,呼吸作用,,
,ATP,,
,三磷酸腺苷,,
,半自主性胞器,,
,葉綠體,,
,葉綠餅,,
,葉綠素,,
,類囊體,,
,光合色素,,
,光合作用,,
,rRNA,,
,mRNA,,
,tRNA,,
,中心體,,
,中心粒,,
,微管,,
,紡錘絲,,
,膜蛋白,,
,醣蛋白,,
,膽固醇,,
,半透性,,
,受體蛋白,,
,運輸蛋白,,
,植物固醇,,
,全透性,,
,內膜系統,,
,離心機,,
,細胞骨架,,
,馬達蛋白,,
,異營,,
,自營,,
,光合自營,,
,化學自營,,
,五碳醣,,
,磷酸基,,
,含氮鹼基,,
,嘌呤,,
,嘧啶,,
,腺嘌呤,,
,鳥糞嘌呤,,
,胸腺嘧啶,,
,胞嘧啶,,
,脲嘧啶,,
,高能磷酸鍵,,
,光反應,,
,碳反應,,
,糖解作用,,
,卡爾文循環,,
,克氏循環,,
,電子傳遞鏈,,
,發酵作用,,
,酒精發酵,,
,乳酸發酵,,
,NADH,,
,NADPH,,
,基因,,
,核小體,,
,組蛋白,,
,超螺旋DNA,,
,染色分體,,
,中節,,
,著絲點,,
,同源染色體,,
,複製染色分體,,
,姊妹染色分體,,
,等位基因,,
,性狀,,
,體染色體,,
,性染色體,,
,染色體套數,,
,染色體對數,,
,染色體條數,,
,核型,,
,羊膜穿刺,,
,唐氏症,,
,透納氏症,,
,克林非脫氏症,,
,貓叫症,,
,細胞週期,,
,基因表現,,
,新陳代謝,,
,複製期,,
,生長期,,
,準備期,,
,間期,,
,染色質濃縮,,
,分裂期,,
,細胞質分離,,
,前期,,
,中期,,
,後期,,
,末期,,
,有絲分裂,,
,減數分裂,,
,無絲分裂,,
,配子,,
,合子,,
,生殖母細胞,,
,精原細胞,,
,初級精母細胞,,
,次級精母細胞,,
,精細胞,,
,精子,,
,卵原細胞,,
,初級卵母細胞,,
,次級卵母細胞,,
,卵細胞,,
,卵子,,
,赤道板,,
,細胞板,,
,分裂溝,,
,第一次減數分裂,,
,第二次減數分裂,,
,果膠質,,
,纖維素,,
,囊泡,,
,微管組合中心,,
,MTOC,,
,聯會現象,,
,星狀體,,
,二分體,,
,四分體,,
,幹細胞,,
,細胞分化,,
,細胞特化,,
,胚胎幹細胞,,
,骨髓幹細胞,,
,全能幹細胞,,
,多能幹細胞,,
,單能幹細胞,,
,胚乳細胞,,
,臍帶血銀行,,
,水埋玻片,,
,載玻片,,
,蓋玻片,,
,等張溶液,,
,高張溶液,,
,低張溶液,,
,目鏡,,
,物鏡,,
,載物臺,,
,粗調節輪,,
,細調節輪,,
,顯微鏡光圈,,
,油鏡,,
,碘液,,
,亞甲藍液,,
,結晶紫,,
,蘇丹四號,,
,肝醣,,
,折撕法,,
,壓片法,,
,抹片法,,
,切片法,,
,懸液玻片,,
,口腔皮膜細胞,,
,蛙類紅血球,,
,水蘊草,,
,目鏡測微器,,
,載物臺測微器,,
,顯微測量,,
,永久玻片,,
,半永久玻片,,
,有絲分裂前期,,
,有絲分裂中期,,
,有絲分裂後期,,
,有絲分裂末期,,
,第一次減數分裂前期,,
,第一次減數分裂中期,,
,第一次減數分裂後期,,
,第一次減數分裂末期,,
,第二次減數分裂前期,,
,第二次減數分裂中期,,
,第二次減數分裂後期,,
,第二次減數分裂末期,,
,孟德爾,,
,碗豆實驗,,
,生命週期,,
,自花授粉,,
,異花授粉,,
,親代,,
,第一子代,,
,第二子代,,
,純品系,,
,同型合子,,
,異型合子,,
,雜交,,
,單性雜交,,
,雙性雜交,,
,試交,,
,互交,,
,反交,,
,自交,,
,分離律,,
,棋盤方格法,,
,獨立分配律,,
,單基因遺傳,,
,多基因遺傳,,
,美人尖遺傳,,
,單雙眼皮遺傳,,
,耳垂分離遺傳,,
,手指數量遺傳,,
,多基因遺傳等效性,,
,多基因遺傳累加性,,
,常態分佈,,
,鐘型曲線,,
,身高遺傳,,
,膚色遺傳,,
,智力遺傳,,
,複等位基因遺傳,,
,顯隱性遺傳,,
,中間型遺傳,,
,等顯性遺傳,,
,杜鵑花色遺傳,,
,體染色體遺傳,,
,性聯遺傳,,
,華爾瑟·佛萊明,,
,染色體遺傳學說,,
,薩登,,
,包法利,,
,基因連鎖群,,
,摩根,,
,基因互換,,
,基因連鎖群,,
,法蘭西斯·克立克,,
,詹姆士·華生,,
,蘿莎琳·富蘭克林,,
,埃爾文·查加夫,,
,雙股螺旋結構,,
,去氧核醣,,
,核醣,,
,核苷酸,,
,磷酸雙脂鍵,,
,氫鍵,,
,查加夫法則,,
,DNA5'端,,
,DNA3'端,,
,DNA複製,,
,半保留複製,,
,解旋酶,,
,DNA聚合酶,,
,dNTP,,
,去氧核醣核苷酸,,
,連接酶,,
,轉錄,,
,RNA聚合酶,,
,NTP,,
,核醣核苷酸,,
,蛋白質修飾,,
,蛋白質折疊,,
,蛋白質變性,,
,模板股,,
,編碼股,,
,傳訊RNA,,
,轉訊RNA,,
,核醣體RNA,,
,起始密碼子,,
,終止密碼子,,
,密碼子對照表,,
,反密碼子,,
,轉譯,,
,胜肽轉位酶,,
,環境荷爾蒙,,
,環境因子,,
,同位素標記法,,
,基因轉殖技術,,
,基因編輯技術,,
,基因改造生物,,
,載體,,
,限制酶,,
,重組DNA,,
,螢光蛋白基因,,
,抗抗生素基因,,
,外源基因,,
,目標基因,,
,病毒,,
,農桿菌,,
,載體黏著端,,
,報導基因,,
,酷比豬,,
,黃金米,,
,病毒載體,,
,微脂體,,
,電穿孔,,
,顯微注射,,
,基因槍,,
,CRISPR,,
,嚮導RNA,,
,Cas9蛋白,,
,DNA粗萃取,,
,演化論,,
,神創論,,
,自然神學論,,
,用進廢退說,,
,拉馬克,,
,動物哲學,,
,種質論,,
,奧古斯特·魏斯曼,,
,魏斯曼小鼠實驗,,
,伊拉斯莫斯·達爾文,,
,查爾斯·達爾文,,
,查爾斯·萊爾,,
,地質學原理,,
,托馬斯·馬爾薩斯,,
,人口論,,
,華萊士,,
,物種源始,,
,小獵犬號,,
,加拉巴哥群島,,
,華萊士線,,
,人擇,,
,天擇,,
,共同祖先,,
,累世漸變,,
,種化作用,,
,天擇說個體差異,,
,天擇說過度繁殖,,
,天擇說生存競爭,,
,適者生存,,
,現代演化綜論,,
,突變,,
,比較解剖學,,
,同源器官,,
,痕跡器官,,
,同功器官,,
,生物地理學,,
,種源中心,,
,島嶼地理學,,
,化石,,
,石化化石,,
,痕跡化石,,
,琥珀化石,,
,冰凍化石,,
,指時化石,,
,指標化石,,
,指相化石,,
,化石系列,,
,胚胎學證據,,
,演化的分子生物學證據,,
,系統發生樹,,
,系統發生樹節點,,
,二界說,,
,三界說,,
,五界說,,
,六界說,,
,三域說,,
,林奈,,
,恩斯特·海克爾,,
,羅伯特·懷塔克,,
,卡爾·渥易斯,,
,分類階層,,
,生物種,,
,型態種,,
,阿克塞爾·梅爾,,
,菟絲子,,
,德米特里·伊凡諾夫斯基,,
,桿狀病毒,,
,球狀病毒,,
,冠狀病毒,,
,登月小艇型病毒,,
,病毒蛋白質外鞘,,
,病毒套膜,,
,病毒棘蛋白,,
,病毒潛溶性,,
,病毒感染,,
,病毒專一性,,
